{
  "loss": 0.205551276247456,
  "accuracy": 0.9414625821315812,
  "macro_f1": 0.9114309882936352,
  "weighted_f1": 0.9411549072801207,
  "per_class": {
    "Benign": {
      "class_id": 0,
      "precision": 1.0,
      "recall": 0.9999573342435362,
      "f1": 0.9999786666666667,
      "support": 23438
    },
    "Ransomware": {
      "class_id": 1,
      "precision": 0.8656175846134632,
      "recall": 0.8849591419816139,
      "f1": 0.8751815139844686,
      "support": 7832
    },
    "Spyware": {
      "class_id": 2,
      "precision": 0.878420868755095,
      "recall": 0.9409930139720559,
      "f1": 0.9086309703065711,
      "support": 8016
    },
    "Trojan": {
      "class_id": 3,
      "precision": 0.9088385682980278,
      "recall": 0.819631093544137,
      "f1": 0.8619328022168342,
      "support": 7590
    }
  },
  "true_counts": {
    "Benign": 23438,
    "Ransomware": 7832,
    "Spyware": 8016,
    "Trojan": 7590
  },
  "pred_counts": {
    "Benign": 23437,
    "Ransomware": 8007,
    "Spyware": 8587,
    "Trojan": 6845
  },
  "confusion_matrix": [
    [
      23437,
      0,
      0,
      1
    ],
    [
      0,
      6931,
      573,
      328
    ],
    [
      0,
      178,
      7543,
      295
    ],
    [
      0,
      898,
      471,
      6221
    ]
  ]
}