{
  "train_inner": {
    "accuracy": 0.9234133333333333,
    "macro_f1": 0.8843794232482065,
    "weighted_f1": 0.9231703010247281,
    "n": 37500
  },
  "calibration": {
    "accuracy": 0.8499360068259386,
    "macro_f1": 0.774828000632518,
    "weighted_f1": 0.8498607329106036,
    "n": 9376
  },
  "gap_train_inner_minus_calib_macro_f1": 0.10955142261568851
}