{
  "Benign": {
    "precision": 1.0,
    "recall": 0.9999466666666667,
    "f1-score": 0.9999733326222032,
    "support": 18750.0
  },
  "Ransomware": {
    "precision": 0.8221847192390304,
    "recall": 0.8552505585700606,
    "f1-score": 0.8383917396745932,
    "support": 6266.0
  },
  "Spyware": {
    "precision": 0.8630075187969924,
    "recall": 0.89504054897068,
    "f1-score": 0.8787322002756086,
    "support": 6412.0
  },
  "Trojan": {
    "precision": 0.8563496328138993,
    "recall": 0.7873847167325428,
    "f1-score": 0.8204204204204204,
    "support": 6072.0
  },
  "accuracy": 0.9234133333333333,
  "macro avg": {
    "precision": 0.8853854677124805,
    "recall": 0.8844056227349876,
    "f1-score": 0.8843794232482065,
    "support": 37500.0
  },
  "weighted avg": {
    "precision": 0.9236044968459753,
    "recall": 0.9234133333333333,
    "f1-score": 0.9231703010247281,
    "support": 37500.0
  }
}