{
  "Benign": {
    "precision": 0.998083475298126,
    "recall": 0.9997866894197952,
    "f1-score": 0.9989343563512362,
    "support": 4688.0
  },
  "Ransomware": {
    "precision": 0.6569560047562426,
    "recall": 0.7056194125159643,
    "f1-score": 0.6804187192118226,
    "support": 1566.0
  },
  "Spyware": {
    "precision": 0.7538071065989848,
    "recall": 0.7406483790523691,
    "f1-score": 0.7471698113207547,
    "support": 1604.0
  },
  "Trojan": {
    "precision": 0.6954992967651196,
    "recall": 0.6515151515151515,
    "f1-score": 0.6727891156462585,
    "support": 1518.0
  },
  "accuracy": 0.8499360068259386,
  "macro avg": {
    "precision": 0.7760864708546182,
    "recall": 0.77439240812582,
    "f1-score": 0.774828000632518,
    "support": 9376.0
  },
  "weighted avg": {
    "precision": 0.8503288147525719,
    "recall": 0.8499360068259386,
    "f1-score": 0.8498607329106036,
    "support": 9376.0
  }
}