{
  "fold_id": 3,
  "oof_n": 9375,
  "inner_train_n": 31875,
  "inner_val_n": 5626,
  "train_pool_n": 37501,
  "oof_accuracy": 0.8536533333333334,
  "oof_macro_f1": 0.7790087358726492,
  "oof_weighted_f1": 0.8527998378976663
}