,precision,recall,f1-score,support
Benign,0.9987206823027719,0.9993599317260508,0.9990402047563186,4687.0
Ransomware,0.6830670926517571,0.6826309067688378,0.6828489300542957,1566.0
Spyware,0.7369925671812464,0.8036159600997507,0.7688637041455413,1604.0
Trojan,0.700948212983224,0.6330698287220027,0.665282104534441,1518.0
accuracy,0.8536533333333334,0.8536533333333334,0.8536533333333334,0.8536533333333334
macro avg,0.7799321387797498,0.7796691568291605,0.7790087358726492,9375.0
weighted avg,0.8529986528120529,0.8536533333333334,0.8527998378976663,9375.0
