{
  "Benign": {
    "precision": 1.0,
    "recall": 1.0,
    "f1-score": 1.0,
    "support": 23438.0
  },
  "Ransomware": {
    "precision": 0.8591514553527381,
    "recall": 0.8894279877425945,
    "f1-score": 0.8740276035131744,
    "support": 7832.0
  },
  "Spyware": {
    "precision": 0.8788232547279944,
    "recall": 0.9391217564870259,
    "f1-score": 0.9079725003015318,
    "support": 8016.0
  },
  "Trojan": {
    "precision": 0.9102602010644589,
    "recall": 0.8111989459815547,
    "f1-score": 0.8578793367702383,
    "support": 7590.0
  },
  "accuracy": 0.9405452683676082,
  "macro avg": {
    "precision": 0.9120587277862978,
    "recall": 0.9099371725527938,
    "f1-score": 0.9099698601462362,
    "support": 46876.0
  },
  "weighted avg": {
    "precision": 0.9412150425441909,
    "recall": 0.9405452683676082,
    "f1-score": 0.9402038552610797,
    "support": 46876.0
  }
}