row,epoch,lr,epoch_seconds,train_step_loss,train_loss,train_acc,train_macro_f1,train_weighted_f1,train_malware_avg_f1,val_loss,val_acc,val_macro_f1,val_weighted_f1,val_malware_avg_f1,macro_f1_gap_train_minus_val,cont_gate_min,cont_gate_max,cont_gate_mean,cont_gate_std
best_by_val_macro,41.0,0.0005869999413045,10.633,0.2578740772525852,0.2059763093935221,0.94056660124584,0.910003459734893,0.940225899671268,0.8800046129798572,0.580453592111633,0.8784982935153584,0.8171466447478825,0.8781681430624284,0.7563947011775721,0.0928568149870106,0.3842142522335052,0.5134873986244202,0.452152669429779,0.0294556654989719
final,53.0,0.0003432253696265,10.621,0.1921736366315062,0.1420542686396933,0.9582942230565747,0.9368747253665402,0.9580777305638024,0.9158329671553868,0.7158941968716045,0.8742320819112628,0.8105643494477299,0.8738111662766952,0.7475898393228183,0.1263103759188102,0.3834101557731628,0.5153481364250183,0.4511336982250213,0.0301193743944168
