,precision,recall,f1-score,support
Benign,0.9982946066936688,0.9991465756347344,0.9987204094689699,4687.0
Ransomware,0.6557971014492754,0.6934865900383141,0.6741154562383612,1566.0
Spyware,0.7470841006752609,0.7587281795511222,0.7528611197030621,1604.0
Trojan,0.6661901358112938,0.613965744400527,0.6390126842646555,1518.0
accuracy,0.8445866666666667,0.8445866666666667,0.8445866666666667,0.8445866666666667
macro avg,0.7668414861573747,0.7663317724061743,0.7661774174187623,9375.0
weighted avg,0.8443290246493284,0.8445866666666667,0.8441896377992314,9375.0
