{
  "fold_id": 4,
  "oof_n": 9375,
  "inner_train_n": 31875,
  "inner_val_n": 5626,
  "train_pool_n": 37501,
  "oof_accuracy": 0.8445866666666667,
  "oof_macro_f1": 0.7661774174187623,
  "oof_weighted_f1": 0.8441896377992314
}