n,accuracy,macro_f1,weighted_f1,fold
9376,0.8551621160409556,0.781890912223131,0.8546160258116394,0
9375,0.8469333333333333,0.7692572593403987,0.8461621690393787,1
9375,0.85056,0.7751028880127867,0.849998243215775,2
9375,0.8536533333333334,0.7790087358726492,0.8527998378976663,3
9375,0.8445866666666667,0.7661774174187623,0.8441896377992314,4
