,precision,recall,f1-score,support
Benign,0.9982953334753889,0.9994453451659698,0.9988700083150331,23438.0
Ransomware,0.6764404609475032,0.6745403472931563,0.6754890678941312,7832.0
Spyware,0.7349595402838044,0.781811377245509,0.7576618509339298,8016.0
Trojan,0.6895674300254453,0.6426877470355731,0.6653027823240589,7590.0
accuracy,0.8501791961771482,0.8501791961771482,0.8501791961771482,0.8501791961771482
macro avg,0.7748156911830354,0.774621204185052,0.7743309273667882,46876.0
weighted avg,0.8495003879372198,0.8501791961771482,0.849582113438872,46876.0
