{
  "n": 46876,
  "accuracy": 0.8501791961771482,
  "macro_f1": 0.7743309273667882,
  "weighted_f1": 0.849582113438872
}