true_label,pred_label,count,true_support,rate_within_true,mean_true_prob,mean_pred_prob,true_in_top2_rate,top_family,top_family_count
Trojan,Ransomware,1709,7590,0.2251646903820817,0.24545525535006385,0.7101958061088356,0.8677589233469866,Trojan-Zeus,751
Ransomware,Trojan,1281,7832,0.16355975485188967,0.21920777987794618,0.7039985585480094,0.7236533957845434,Ransomware-Shade,308
Ransomware,Spyware,1265,7832,0.16151685393258428,0.16054994518890872,0.7414624913201581,0.7209486166007905,Ransomware-Ako,335
Trojan,Spyware,989,7590,0.1303030303030303,0.15916756233509288,0.7175320070171891,0.537917087967644,Trojan-Scar,286
Spyware,Trojan,909,8016,0.11339820359281437,0.16343406935404328,0.7296133588558856,0.6655665566556656,Spyware-180solutions,374
Spyware,Ransomware,817,8016,0.10192115768463074,0.12490915138875078,0.7594824522888617,0.5226438188494492,Spyware-180solutions,277
