representation,dim,n_pairs_ok,mean_macro_f1,mean_auc,min_macro_f1,max_macro_f1,mean_balanced_accuracy
raw_scaled__bin_norm__offset,165,3,0.6694725369899631,0.7424738068349553,0.662262275285213,0.6818340769927278,0.671225093794567
d3_scalar_input,220,3,0.6693801239154243,0.7424107041248877,0.6617418781747126,0.6818174750629191,0.6711381059529963
raw_scaled__bin_plus_offset_norm,110,3,0.6588814284113401,0.727003938985462,0.6476542585963139,0.6711961079131905,0.6622983444666433
bin_norm__offset,110,3,0.658797077396824,0.7248628858279887,0.647483171067291,0.6652861952795438,0.6604046261561656
bin_plus_offset_norm,55,3,0.6450833667000724,0.7069586411817902,0.6345279745494855,0.6610232003948058,0.6479658661334694
bin_norm,55,3,0.6440348239499544,0.7070498699948727,0.6352712386400612,0.6593846452245413,0.6469685622599358
raw_scaled,55,3,0.630028572414499,0.6921088615404615,0.6065361417993026,0.6599386442275761,0.6356289679789026
offset,55,3,0.5880246124021691,0.6224668434320011,0.5712582369299901,0.6123554920892631,0.5893014827962146
