,precision,recall,f1-score,support
Benign,0.9980830670926517,0.9995733788395904,0.9988276670574443,4688.0
Ransomware,0.679109364767518,0.6617740906190173,0.6703296703296703,1567.0
Spyware,0.7269544924154026,0.777292576419214,0.7512812782634911,1603.0
Trojan,0.6984016678248783,0.6624917600527357,0.6799729364005412,1517.0
accuracy,0.85056,0.85056,0.85056,0.85056
macro avg,0.7756371480251127,0.7752829514826394,0.7751028880127867,9375.0
weighted avg,0.8499158586190169,0.85056,0.849998243215775,9375.0
