epoch,lr,epoch_seconds,train_step_loss,train_loss,train_acc,train_macro_f1,train_weighted_f1,train_malware_avg_f1,val_loss,val_acc,val_macro_f1,val_weighted_f1,val_malware_avg_f1,macro_f1_gap_train_minus_val,cont_gate_min,cont_gate_max,cont_gate_mean,cont_gate_std
1,0.000125,146.393,0.9527884636359447,0.7850711989732354,0.7332963563443979,0.5916772973658397,0.7260596474367925,0.4570375308272046,0.7878444416531117,0.7312286689419796,0.5871309371385529,0.7226164994082707,0.4512453624235934,0.0045463602272868275,0.4981805980205536,0.5012227892875671,0.4994569718837738,0.0007531234878115356
