{
  "use_class_weights": true,
  "class_weights": [
    0.5000156760215759,
    1.4964789152145386,
    1.4618877172470093,
    1.54373300075531
  ],
  "label_names": [
    "Benign",
    "Ransomware",
    "Spyware",
    "Trojan"
  ],
  "train_counts": [
    15937,
    5325,
    5451,
    5162
  ],
  "val_counts": [
    2813,
    940,
    962,
    911
  ]
}