{
  "loss": 0.22405962479114533,
  "accuracy": 0.937286274509804,
  "macro_f1": 0.9051687123738957,
  "weighted_f1": 0.9369772249714803,
  "per_class": {
    "Benign": {
      "class_id": 0,
      "precision": 1.0,
      "recall": 0.9998745058668507,
      "f1": 0.9999372489959839,
      "support": 15937
    },
    "Ransomware": {
      "class_id": 1,
      "precision": 0.8612359550561798,
      "recall": 0.8636619718309859,
      "f1": 0.8624472573839662,
      "support": 5325
    },
    "Spyware": {
      "class_id": 2,
      "precision": 0.8736103984949547,
      "recall": 0.9370757659145111,
      "f1": 0.9042308373163391,
      "support": 5451
    },
    "Trojan": {
      "class_id": 3,
      "precision": 0.890805806858826,
      "recall": 0.8202247191011236,
      "f1": 0.854059505799294,
      "support": 5162
    }
  },
  "true_counts": {
    "Benign": 15937,
    "Ransomware": 5325,
    "Spyware": 5451,
    "Trojan": 5162
  },
  "pred_counts": {
    "Benign": 15935,
    "Ransomware": 5340,
    "Spyware": 5847,
    "Trojan": 4753
  },
  "confusion_matrix": [
    [
      15935,
      0,
      1,
      1
    ],
    [
      0,
      4599,
      419,
      307
    ],
    [
      0,
      132,
      5108,
      211
    ],
    [
      0,
      609,
      319,
      4234
    ]
  ]
}