metric,wrong_mean,correct_mean,wrong_minus_correct,corr_with_wrong
unseen_token_frac,0.00019682617858052254,7.810974784661084e-05,0.00011871643073391169,0.026286314446045827
rare_le5_token_frac,0.0021527863573282957,0.001723740017041564,0.0004290463402867317,0.01442611516459573
mean_train_token_count,12592.03515625,12668.5458984375,-76.5107421875,-0.015538491591226479
margin_prob,0.5430533289909363,0.9125794172286987,-0.36952608823776245,-0.464164091890321
