class_id,label,precision_train,recall_train,f1_train,support_train,precision_val,recall_val,f1_val,support_val,precision_gap_train_minus_val,recall_gap_train_minus_val,f1_gap_train_minus_val
0,Benign,1.0,0.9999573342435362,0.9999786666666667,23438,0.99965858654831,0.9993174061433447,0.9994879672299027,5860,0.00034141345169003134,0.0006399281001914225,0.0004906994367639417
1,Ransomware,0.8961319989180416,0.8460163432073544,0.8703533429659792,7832,0.7541713014460512,0.6921898928024502,0.7218525419217461,1959,0.14196069747199047,0.15382645040490417,0.14850080104423313
2,Spyware,0.8746826678975306,0.9456087824351297,0.9087639371777965,8016,0.760778859527121,0.8188622754491018,0.7887527036770007,2004,0.11390380837040959,0.12674650698602785,0.12001123350079579
3,Trojan,0.8742377015855807,0.8499341238471674,0.8619146235553478,7590,0.7283691662296802,0.7322087506589352,0.7302839116719243,1897,0.1458685353559005,0.11772537318823217,0.13163071188342346
