class_id,label,precision,recall,f1,support
0,Benign,1.0,0.9999573342435362,0.9999786666666667,23438
1,Ransomware,0.8961319989180416,0.8460163432073544,0.8703533429659792,7832
2,Spyware,0.8746826678975306,0.9456087824351297,0.9087639371777965,8016
3,Trojan,0.8742377015855807,0.8499341238471674,0.8619146235553478,7590
