{
  "train": {
    "overall": {
      "accuracy": 0.9406519327587678,
      "macro_f1": 0.9102526425914476,
      "weighted_f1": 0.9403680152881045
    }
  },
  "val": {
    "overall": {
      "accuracy": 0.8738907849829352,
      "macro_f1": 0.8100942811251435,
      "weighted_f1": 0.8734741993346657
    }
  },
  "gap": {
    "accuracy": 0.06676114777583264,
    "macro_f1": 0.10015836146630408,
    "weighted_f1": 0.0668938159534388
  }
}