class_id,label,precision,recall,f1,support
0,Benign,0.99965858654831,0.9993174061433447,0.9994879672299027,5860
1,Ransomware,0.7541713014460512,0.6921898928024502,0.7218525419217461,1959
2,Spyware,0.760778859527121,0.8188622754491018,0.7887527036770007,2004
3,Trojan,0.7283691662296802,0.7322087506589352,0.7302839116719243,1897
