gamma,train_inner_accuracy,train_inner_macro_f1,train_inner_weighted_f1,calibration_accuracy,calibration_macro_f1,calibration_weighted_f1,gap_train_inner_minus_calibration_macro_f1
0.125,0.92632,0.8884005643533182,0.9258611447801616,0.8502559726962458,0.7741612023752941,0.8496823001611946,0.11423936197802409
1.0,0.9253333333333333,0.887037149022282,0.9249519730827952,0.8487627986348123,0.7721447177310914,0.8482673745583146,0.11489243129119064
0.75,0.9253333333333333,0.8870059545439735,0.9249307037990464,0.8487627986348123,0.7721302104698969,0.8482040464219799,0.11487574407407652
0.0,0.92264,0.8828880686453439,0.9221804897278046,0.847589590443686,0.7701949270925084,0.8467744180919001,0.1126931415528355
0.25,0.9242933333333333,0.8854145205090227,0.9238668492844173,0.8466296928327645,0.7689555947727111,0.8461189495975391,0.11645892573631156
0.5,0.9250133333333334,0.8865131744159567,0.924606682899195,0.846203071672355,0.7683710282978504,0.8458417393380138,0.11814214611810625
