{
  "Benign": {
    "precision": 0.998934129183543,
    "recall": 0.9995733788395904,
    "f1-score": 0.9992536517752426,
    "support": 4688.0
  },
  "Ransomware": {
    "precision": 0.6633785450061652,
    "recall": 0.6871008939974457,
    "f1-score": 0.6750313676286073,
    "support": 1566.0
  },
  "Spyware": {
    "precision": 0.7244600116754233,
    "recall": 0.7736907730673317,
    "f1-score": 0.7482665058788062,
    "support": 1604.0
  },
  "Trojan": {
    "precision": 0.7074074074074074,
    "recall": 0.6291172595520421,
    "f1-score": 0.6659693165969317,
    "support": 1518.0
  },
  "accuracy": 0.8487627986348123,
  "macro avg": {
    "precision": 0.7735450233181347,
    "recall": 0.7723705763641024,
    "f1-score": 0.7721302104698969,
    "support": 9376.0
  },
  "weighted avg": {
    "precision": 0.8487342472551116,
    "recall": 0.8487627986348123,
    "f1-score": 0.8482040464219799,
    "support": 9376.0
  }
}