{
  "Benign": {
    "precision": 1.0,
    "recall": 1.0,
    "f1-score": 1.0,
    "support": 18750.0
  },
  "Ransomware": {
    "precision": 0.8371505291423156,
    "recall": 0.8458346632620491,
    "f1-score": 0.8414701913153926,
    "support": 6266.0
  },
  "Spyware": {
    "precision": 0.8507743522941091,
    "recall": 0.9167186525265127,
    "f1-score": 0.8825163276030328,
    "support": 6412.0
  },
  "Trojan": {
    "precision": 0.8660617059891107,
    "recall": 0.7859025032938076,
    "f1-score": 0.8240372992574685,
    "support": 6072.0
  },
  "accuracy": 0.9253333333333333,
  "macro avg": {
    "precision": 0.888496646856384,
    "recall": 0.8871139547705924,
    "f1-score": 0.8870059545439735,
    "support": 37500.0
  },
  "weighted avg": {
    "precision": 0.9255860544341721,
    "recall": 0.9253333333333333,
    "f1-score": 0.9249307037990464,
    "support": 37500.0
  }
}