{
  "Benign": {
    "precision": 0.9997866439086835,
    "recall": 0.9995733788395904,
    "f1-score": 0.99968,
    "support": 4688.0
  },
  "Ransomware": {
    "precision": 0.6628048780487805,
    "recall": 0.6941251596424011,
    "f1-score": 0.6781035558328135,
    "support": 1566.0
  },
  "Spyware": {
    "precision": 0.7236842105263158,
    "recall": 0.7543640897755611,
    "f1-score": 0.7387057387057387,
    "support": 1604.0
  },
  "Trojan": {
    "precision": 0.690631808278867,
    "recall": 0.6264822134387352,
    "f1-score": 0.6569948186528497,
    "support": 1518.0
  },
  "accuracy": 0.846203071672355,
  "macro avg": {
    "precision": 0.7692268851906617,
    "recall": 0.7686362104240719,
    "f1-score": 0.7683710282978504,
    "support": 9376.0
  },
  "weighted avg": {
    "precision": 0.8462159539590264,
    "recall": 0.846203071672355,
    "f1-score": 0.8458417393380138,
    "support": 9376.0
  }
}