{
  "Benign": {
    "precision": 1.0,
    "recall": 1.0,
    "f1-score": 1.0,
    "support": 18750.0
  },
  "Ransomware": {
    "precision": 0.832888330453903,
    "recall": 0.8463134375997446,
    "f1-score": 0.8395472176046861,
    "support": 6266.0
  },
  "Spyware": {
    "precision": 0.8520881670533643,
    "recall": 0.916406737367436,
    "f1-score": 0.8830778479110309,
    "support": 6412.0
  },
  "Trojan": {
    "precision": 0.8673227628941134,
    "recall": 0.7837615283267457,
    "f1-score": 0.8234276321481097,
    "support": 6072.0
  },
  "accuracy": 0.9250133333333334,
  "macro avg": {
    "precision": 0.8880748151003451,
    "recall": 0.8866204258234817,
    "f1-score": 0.8865131744159567,
    "support": 37500.0
  },
  "weighted avg": {
    "precision": 0.9253027045883571,
    "recall": 0.9250133333333334,
    "f1-score": 0.924606682899195,
    "support": 37500.0
  }
}