{
  "loss": 0.22674300395329794,
  "accuracy": 0.9375733333333334,
  "macro_f1": 0.9057196646466095,
  "weighted_f1": 0.9373272945826963,
  "per_class": {
    "Benign": {
      "class_id": 0,
      "precision": 1.0,
      "recall": 0.9999466666666667,
      "f1": 0.9999733326222032,
      "support": 18750
    },
    "Ransomware": {
      "class_id": 1,
      "precision": 0.8803292181069959,
      "recall": 0.8534950526651771,
      "f1": 0.8667044809982983,
      "support": 6266
    },
    "Spyware": {
      "class_id": 2,
      "precision": 0.8683599419448476,
      "recall": 0.9330941983780412,
      "f1": 0.8995639753420538,
      "support": 6412
    },
    "Trojan": {
      "class_id": 3,
      "precision": 0.8778085032837885,
      "recall": 0.8364624505928854,
      "f1": 0.8566368696238826,
      "support": 6072
    }
  },
  "true_counts": {
    "Benign": 18750,
    "Ransomware": 6266,
    "Spyware": 6412,
    "Trojan": 6072
  },
  "pred_counts": {
    "Benign": 18749,
    "Ransomware": 6075,
    "Spyware": 6890,
    "Trojan": 5786
  },
  "confusion_matrix": [
    [
      18749,
      0,
      1,
      0
    ],
    [
      0,
      5348,
      504,
      414
    ],
    [
      0,
      136,
      5983,
      293
    ],
    [
      0,
      591,
      402,
      5079
    ]
  ]
}