,precision,recall,f1-score,support
Benign,0.9982956966340009,0.9995733788395904,0.998934129183543,4688.0
Ransomware,0.6876190476190476,0.6911295469049138,0.6893698281349459,1567.0
Spyware,0.7414605418138988,0.785402370555209,0.7627991517721903,1603.0
Trojan,0.7026259758694109,0.6521739130434783,0.6764605398018448,1518.0
accuracy,0.8551621160409556,0.8551621160409556,0.8551621160409556,0.8551621160409556
macro avg,0.7825003154840895,0.7820698023357979,0.781890912223131,9376.0
weighted avg,0.8545922305179916,0.8551621160409556,0.8546160258116394,9376.0
