{
  "stage": "E1b_stronger_tabular_pair_experts",
  "target_macro_f1": 0.9,
  "current_reference_best_before_E1b": {
    "name": "E1a0 concat_all + ExtraTrees + threshold 0.55",
    "macro_f1": 0.826835,
    "accuracy": 0.884642,
    "net_gain": 126,
    "damage_ratio": 0.665
  },
  "baseline_metrics": {
    "accuracy": 0.8738907849829352,
    "macro_f1": 0.8100942811251435,
    "weighted_f1": 0.8734741993346657
  },
  "best_policy": "mixed_best_binary_auc__global_thr_0.55__margin_cap_1e+09",
  "best_policy_row": {
    "policy": "mixed_best_binary_auc__global_thr_0.55__margin_cap_1e+09",
    "RS_candidate": "concat_all__extratrees_deep__RS",
    "RT_candidate": "concat_all__extratrees__RT",
    "ST_candidate": "concat_all__extratrees__ST",
    "RS_thr": 0.55,
    "RT_thr": 0.55,
    "ST_thr": 0.55,
    "margin_cap": 1000000000.0,
    "applied_n": 5303,
    "applied_changed_n": 727,
    "accuracy": 0.8863481228668942,
    "macro_f1": 0.8293865494249959,
    "weighted_f1": 0.886286234636575,
    "delta_accuracy": 0.012457337883959085,
    "delta_macro_f1": 0.019292268299852422,
    "delta_weighted_f1": 0.01281203530190922,
    "wrong_to_correct": 396,
    "correct_to_wrong": 250,
    "net_gain": 146,
    "damage_ratio": 0.6313131313131313,
    "changed_pred_n": 727,
    "baseline_correct": 10242,
    "new_correct": 10388
  },
  "best_metrics": {
    "accuracy": 0.8863481228668942,
    "macro_f1": 0.8293865494249959,
    "weighted_f1": 0.886286234636575
  },
  "best_transition": {
    "wrong_to_correct": 396,
    "correct_to_wrong": 250,
    "net_gain": 146,
    "damage_ratio": 0.6313131313131313,
    "changed_pred_n": 727,
    "baseline_correct": 10242,
    "new_correct": 10388
  },
  "models": [
    "extratrees",
    "extratrees_deep",
    "histgb"
  ],
  "representations": [
    "concat_all"
  ],
  "calibration": "none",
  "binary_expert_metrics_top": [
    {
      "rep": "concat_all",
      "model": "extratrees_deep",
      "pair_key": "RS",
      "pair": "Ransomware<->Spyware",
      "status": "ok",
      "error": "",
      "seconds": 4.472498178482056,
      "n_train": 15848,
      "n_val_pair": 3963,
      "calibration": "none",
      "accuracy": 0.8541508957860207,
      "macro_f1": 0.854059821218321,
      "weighted_f1": 0.8541012187490936,
      "auc": 0.928179373769052,
      "precision_0": 0.8624671916010499,
      "recall_0": 0.8386932108218479,
      "f1_0": 0.8504140786749482,
      "support_0": 1959,
      "precision_1": 0.8464528668610302,
      "recall_1": 0.8692614770459082,
      "f1_1": 0.8577055637616937,
      "support_1": 2004
    },
    {
      "rep": "concat_all",
      "model": "extratrees",
      "pair_key": "RS",
      "pair": "Ransomware<->Spyware",
      "status": "ok",
      "error": "",
      "seconds": 2.4226787090301514,
      "n_train": 15848,
      "n_val_pair": 3963,
      "calibration": "none",
      "accuracy": 0.8468332071662882,
      "macro_f1": 0.8467394867341604,
      "weighted_f1": 0.846782521626464,
      "auc": 0.9275861243312251,
      "precision_0": 0.8546694648478489,
      "recall_0": 0.8315467075038285,
      "f1_0": 0.8429495472186287,
      "support_0": 1959,
      "precision_1": 0.839572192513369,
      "recall_1": 0.8617764471057884,
      "f1_1": 0.8505294262496922,
      "support_1": 2004
    },
    {
      "rep": "concat_all",
      "model": "histgb",
      "pair_key": "RS",
      "pair": "Ransomware<->Spyware",
      "status": "ok",
      "error": "",
      "seconds": 2.6474382877349854,
      "n_train": 15848,
      "n_val_pair": 3963,
      "calibration": "none",
      "accuracy": 0.8397678526368912,
      "macro_f1": 0.8396158563613553,
      "weighted_f1": 0.839671920561348,
      "auc": 0.9219114094424729,
      "precision_0": 0.8517534537725824,
      "recall_0": 0.8182746299132211,
      "f1_0": 0.8346784691486592,
      "support_0": 1959,
      "precision_1": 0.8289283998077848,
      "recall_1": 0.8607784431137725,
      "f1_1": 0.8445532435740514,
      "support_1": 2004
    },
    {
      "rep": "concat_all",
      "model": "extratrees_deep",
      "pair_key": "RT",
      "pair": "Ransomware<->Trojan",
      "status": "ok",
      "error": "",
      "seconds": 4.430209636688232,
      "n_train": 15422,
      "n_val_pair": 3856,
      "calibration": "none",
      "accuracy": 0.8228734439834025,
      "macro_f1": 0.8227265460745409,
      "weighted_f1": 0.8228085971587698,
      "auc": 0.9032687220330966,
      "precision_0": 0.8177290836653387,
      "recall_0": 0.8381827462991323,
      "f1_0": 0.827829594151752,
      "support_0": 1959,
      "precision_1": 0.8284632034632035,
      "recall_1": 0.8070637849235636,
      "f1_1": 0.8176234979973298,
      "support_1": 1897
    },
    {
      "rep": "concat_all",
      "model": "extratrees",
      "pair_key": "RT",
      "pair": "Ransomware<->Trojan",
      "status": "ok",
      "error": "",
      "seconds": 2.4722206592559814,
      "n_train": 15422,
      "n_val_pair": 3856,
      "calibration": "none",
      "accuracy": 0.8192427385892116,
      "macro_f1": 0.8190928295958345,
      "weighted_f1": 0.8191765625470901,
      "auc": 0.9048714245619814,
      "precision_0": 0.8142430278884463,
      "recall_0": 0.8346094946401225,
      "f1_0": 0.8243004789513486,
      "support_0": 1959,
      "precision_1": 0.8246753246753247,
      "recall_1": 0.8033737480231945,
      "f1_1": 0.8138851802403204,
      "support_1": 1897
    },
    {
      "rep": "concat_all",
      "model": "histgb",
      "pair_key": "RT",
      "pair": "Ransomware<->Trojan",
      "status": "ok",
      "error": "",
      "seconds": 2.4028124809265137,
      "n_train": 15422,
      "n_val_pair": 3856,
      "calibration": "none",
      "accuracy": 0.803941908713693,
      "macro_f1": 0.8035232335911473,
      "weighted_f1": 0.8036690642518093,
      "auc": 0.8990426570203134,
      "precision_0": 0.7898795180722892,
      "recall_0": 0.8366513527309852,
      "f1_0": 0.8125929598413485,
      "support_0": 1959,
      "precision_1": 0.8203256597417181,
      "recall_1": 0.7701634159198735,
      "f1_1": 0.7944535073409462,
      "support_1": 1897
    },
    {
      "rep": "concat_all",
      "model": "extratrees_deep",
      "pair_key": "ST",
      "pair": "Spyware<->Trojan",
      "status": "ok",
      "error": "",
      "seconds": 4.19797158241272,
      "n_train": 15606,
      "n_val_pair": 3901,
      "calibration": "none",
      "accuracy": 0.8741348372212253,
      "macro_f1": 0.8741216023631654,
      "weighted_f1": 0.8741570056084756,
      "auc": 0.9404880276347674,
      "precision_0": 0.8905524006195147,
      "recall_0": 0.8607784431137725,
      "f1_0": 0.875412331895458,
      "support_0": 2004,
      "precision_1": 0.8579429735234216,
      "recall_1": 0.8882445967316817,
      "f1_1": 0.8728308728308728,
      "support_1": 1897
    },
    {
      "rep": "concat_all",
      "model": "extratrees",
      "pair_key": "ST",
      "pair": "Spyware<->Trojan",
      "status": "ok",
      "error": "",
      "seconds": 2.214905261993408,
      "n_train": 15606,
      "n_val_pair": 3901,
      "calibration": "none",
      "accuracy": 0.8708023583696488,
      "macro_f1": 0.8708004481134184,
      "weighted_f1": 0.8708140746078624,
      "auc": 0.9411482780353895,
      "precision_0": 0.8922594142259415,
      "recall_0": 0.8512974051896207,
      "f1_0": 0.8712972420837589,
      "support_0": 2004,
      "precision_1": 0.8501759678230266,
      "recall_1": 0.8914074855034264,
      "f1_1": 0.8703036541430778,
      "support_1": 1897
    },
    {
      "rep": "concat_all",
      "model": "histgb",
      "pair_key": "ST",
      "pair": "Spyware<->Trojan",
      "status": "ok",
      "error": "",
      "seconds": 2.384838104248047,
      "n_train": 15606,
      "n_val_pair": 3901,
      "calibration": "none",
      "accuracy": 0.8651627787746732,
      "macro_f1": 0.8651432031037636,
      "weighted_f1": 0.8651877689928555,
      "auc": 0.9396227313427967,