class_id,label,precision,recall,f1,support
0,Benign,0.99965858654831,0.9993174061433447,0.9994879672299027,5860
1,Ransomware,0.7728,0.7396630934150077,0.755868544600939,1959
2,Spyware,0.796767874632713,0.81187624750499,0.8042511122095897,2004
3,Trojan,0.748586118251928,0.7675276752767528,0.7579385736595523,1897
