{
  "loss": 0.24834470927556357,
  "accuracy": 0.92896,
  "macro_f1": 0.8923927747673076,
  "weighted_f1": 0.928533585710808,
  "per_class": {
    "Benign": {
      "class_id": 0,
      "precision": 1.0,
      "recall": 0.9999466666666667,
      "f1": 0.9999733326222032,
      "support": 18750
    },
    "Ransomware": {
      "class_id": 1,
      "precision": 0.8313437404346495,
      "recall": 0.8669007341206512,
      "f1": 0.8487500000000001,
      "support": 6266
    },
    "Spyware": {
      "class_id": 2,
      "precision": 0.8641415618601931,
      "recall": 0.9215533374922021,
      "f1": 0.8919245283018868,
      "support": 6412
    },
    "Trojan": {
      "class_id": 3,
      "precision": 0.8823201338538762,
      "recall": 0.7816205533596838,
      "f1": 0.8289232381451402,
      "support": 6072
    }
  },
  "true_counts": {
    "Benign": 18750,
    "Ransomware": 6266,
    "Spyware": 6412,
    "Trojan": 6072
  },
  "pred_counts": {
    "Benign": 18749,
    "Ransomware": 6534,
    "Spyware": 6838,
    "Trojan": 5379
  },
  "confusion_matrix": [
    [
      18749,
      0,
      1,
      0
    ],
    [
      0,
      5432,
      517,
      317
    ],
    [
      0,
      187,
      5909,
      316
    ],
    [
      0,
      915,
      411,
      4746
    ]
  ]
}