{
  "Benign": {
    "precision": 0.9997866439086835,
    "recall": 0.9995733788395904,
    "f1-score": 0.99968,
    "support": 4688.0
  },
  "Ransomware": {
    "precision": 0.6724782067247821,
    "recall": 0.6896551724137931,
    "f1-score": 0.6809583858764187,
    "support": 1566.0
  },
  "Spyware": {
    "precision": 0.717816091954023,
    "recall": 0.7786783042394015,
    "f1-score": 0.7470095693779905,
    "support": 1604.0
  },
  "Trojan": {
    "precision": 0.7125837676842889,
    "recall": 0.6304347826086957,
    "f1-score": 0.6689968542467669,
    "support": 1518.0
  },
  "accuracy": 0.8502559726962458,
  "macro avg": {
    "precision": 0.7756661775679444,
    "recall": 0.7745854095253702,
    "f1-score": 0.7741612023752941,
    "support": 9376.0
  },
  "weighted avg": {
    "precision": 0.8503818077233277,
    "recall": 0.8502559726962458,
    "f1-score": 0.8496823001611946,
    "support": 9376.0
  }
}