{
  "Benign": {
    "precision": 1.0,
    "recall": 1.0,
    "f1-score": 1.0,
    "support": 18750.0
  },
  "Ransomware": {
    "precision": 0.8368694012258369,
    "recall": 0.8498244494095116,
    "f1-score": 0.8432971731728561,
    "support": 6266.0
  },
  "Spyware": {
    "precision": 0.8490674318507891,
    "recall": 0.9229569557080474,
    "f1-score": 0.8844716783739351,
    "support": 6412.0
  },
  "Trojan": {
    "precision": 0.8757614916005169,
    "recall": 0.7812911725955204,
    "f1-score": 0.825833405866481,
    "support": 6072.0
  },
  "accuracy": 0.92632,
  "macro avg": {
    "precision": 0.8904245811692858,
    "recall": 0.8885181444282699,
    "f1-score": 0.8884005643533182,
    "support": 37500.0
  },
  "weighted avg": {
    "precision": 0.9268178084828452,
    "recall": 0.92632,
    "f1-score": 0.9258611447801616,
    "support": 37500.0
  }
}