true_class,n_total,n_correct,n_wrong,wrong_true_in_top2,wrong_true_in_top2_rate,class_error_rate
Ransomware,1959,1356,603,454,0.7529021558872305,0.30781010719754975
Trojan,1897,1389,508,392,0.7716535433070866,0.26779124934106485
Spyware,2004,1641,363,257,0.7079889807162535,0.18113772455089822
Benign,5860,5856,4,0,0.0,0.0006825938566552901
