{
  "baseline": {
    "n": 9376,
    "accuracy": 0.8530290102389079,
    "macro_f1": 0.7786549144264168,
    "weighted_f1": 0.8524508975820402
  },
  "gated": {
    "n": 9376,
    "accuracy": 0.8522824232081911,
    "macro_f1": 0.7775327736739271,
    "weighted_f1": 0.8519090103822188
  },
  "delta": {
    "accuracy": -0.0007465870307167277,
    "macro_f1": -0.0011221407524896199,
    "weighted_f1": -0.0005418871998214003
  }
}