,precision,recall,f1-score,support
Benign,0.9997866439086835,0.9995733788395904,0.99968,4688.0
Ransomware,0.6924577373211963,0.6800766283524904,0.6862113402061856,1566.0
Spyware,0.7259953161592506,0.773067331670823,0.748792270531401,1604.0
Trojan,0.693000693000693,0.6587615283267457,0.6754474839581223,1518.0
accuracy,0.8522824232081911,0.8522824232081911,0.8522824232081911,0.8522824232081911
macro avg,0.7778100975974558,0.7778697167974123,0.7775327736739271,9376.0
weighted avg,0.8519475407832116,0.8522824232081911,0.8519090103822188,9376.0
