true_label,support,base_acc,gated_acc,fix,damage,gate_mean,delta_acc
Benign,4688,0.9995733788395904,0.9995733788395904,0,0,0.00023360622,0.0
Ransomware,1566,0.7279693486590039,0.6800766283524904,99,174,0.23054413,-0.04789272030651348
Spyware,1604,0.7649625935162094,0.773067331670823,120,107,0.20592831,0.008104738154613544
Trojan,1518,0.6225296442687747,0.6587615283267457,151,96,0.22720274,0.036231884057971064
