,precision,recall,f1-score,support
Benign,0.9982956966340009,0.9995733788395904,0.998934129183543,4688.0
Ransomware,0.6666666666666666,0.7279693486590039,0.6959706959706959,1566.0
Spyware,0.736936936936937,0.7649625935162094,0.750688283878862,1604.0
Trojan,0.7230298393267024,0.6225296442687747,0.6690265486725664,1518.0
accuracy,0.8530290102389079,0.8530290102389079,0.8530290102389079,0.8530290102389079
macro avg,0.7812322848910767,0.7787587413208945,0.7786549144264168,9376.0
weighted avg,0.8536280256788584,0.8530290102389079,0.8524508975820402,9376.0
