switch_type,count,gate_mean,gate_median,gate_std,base_true_prob_mean,gated_true_prob_mean,delta_true_prob_mean
both_correct,7621,0.06293024,1.150956e-05,0.1358476,0.9467696,0.9508654,0.0040957564
both_wrong_same,871,0.2938486,0.33293158,0.18096676,0.1806271,0.17403132,-0.006595781
damaged,377,0.35566065,0.40218872,0.16292165,0.7010312,0.24824467,-0.4527865
fixed,370,0.3188998,0.35985464,0.17921124,0.26706704,0.7078881,0.44082105
both_wrong_changed,137,0.36291644,0.43238616,0.16910915,0.15011556,0.15121458,0.001099029
