true_label,count,gate_mean,gate_median,base_correct_rate,gated_correct_rate,delta_correct_rate
Benign,4688,0.00023360622,4.3551536e-06,0.9995733788395904,0.9995733788395904,0.0
Ransomware,1566,0.23054413,0.21590336,0.7279693486590039,0.6800766283524904,-0.04789272030651348
Spyware,1604,0.20592831,0.17386268,0.7649625935162094,0.773067331670823,0.008104738154613544
Trojan,1518,0.22720274,0.18986773,0.6225296442687747,0.6587615283267457,0.036231884057971064
