{
  "loss": 0.22040126867855298,
  "accuracy": 0.9375058823529412,
  "macro_f1": 0.9054693814894434,
  "weighted_f1": 0.9371707095346183,
  "per_class": {
    "Benign": {
      "class_id": 0,
      "precision": 1.0,
      "recall": 0.9999372568703727,
      "f1": 0.9999686274509805,
      "support": 15938
    },
    "Ransomware": {
      "class_id": 1,
      "precision": 0.8642440218414611,
      "recall": 0.86180998873451,
      "f1": 0.8630252890852683,
      "support": 5326
    },
    "Spyware": {
      "class_id": 2,
      "precision": 0.8661377447670493,
      "recall": 0.9414678899082569,
      "f1": 0.9022331633550202,
      "support": 5450
    },
    "Trojan": {
      "class_id": 3,
      "precision": 0.8983627471826494,
      "recall": 0.818639798488665,
      "f1": 0.8566504460665045,
      "support": 5161
    }
  },
  "true_counts": {
    "Benign": 15938,
    "Ransomware": 5326,
    "Spyware": 5450,
    "Trojan": 5161
  },
  "pred_counts": {
    "Benign": 15937,
    "Ransomware": 5311,
    "Spyware": 5924,
    "Trojan": 4703
  },
  "confusion_matrix": [
    [
      15937,
      0,
      1,
      0
    ],
    [
      0,
      4590,
      468,
      268
    ],
    [
      0,
      109,
      5131,
      210
    ],
    [
      0,
      612,
      324,
      4225
    ]
  ]
}