{
  "Benign": {
    "precision": 0.997870528109029,
    "recall": 0.9995733788395904,
    "f1-score": 0.9987212276214834,
    "support": 4688.0
  },
  "Ransomware": {
    "precision": 0.6681443951868271,
    "recall": 0.6736909323116219,
    "f1-score": 0.670906200317965,
    "support": 1566.0
  },
  "Spyware": {
    "precision": 0.7214244686961516,
    "recall": 0.7830423940149626,
    "f1-score": 0.7509715994020927,
    "support": 1604.0
  },
  "Trojan": {
    "precision": 0.6985294117647058,
    "recall": 0.6258234519104084,
    "f1-score": 0.660180681028492,
    "support": 1518.0
  },
  "accuracy": 0.847589590443686,
  "macro avg": {
    "precision": 0.7714922009391785,
    "recall": 0.7705325392691458,
    "f1-score": 0.7701949270925084,
    "support": 9376.0
  },
  "weighted avg": {
    "precision": 0.8470417719160782,
    "recall": 0.847589590443686,
    "f1-score": 0.8467744180919001,
    "support": 9376.0
  }
}