{
  "Benign": {
    "precision": 1.0,
    "recall": 1.0,
    "f1-score": 1.0,
    "support": 18750.0
  },
  "Ransomware": {
    "precision": 0.8304334071496362,
    "recall": 0.8378550909671242,
    "f1-score": 0.8341277407054337,
    "support": 6266.0
  },
  "Spyware": {
    "precision": 0.8409090909090909,
    "recall": 0.9174984404242046,
    "f1-score": 0.877535799522673,
    "support": 6412.0
  },
  "Trojan": {
    "precision": 0.8681885125184094,
    "recall": 0.7766798418972332,
    "f1-score": 0.8198887343532685,
    "support": 6072.0
  },
  "accuracy": 0.92264,
  "macro avg": {
    "precision": 0.8848827526442842,
    "recall": 0.8830083433221405,
    "f1-score": 0.8828880686453439,
    "support": 37500.0
  },
  "weighted avg": {
    "precision": 0.9231212124832132,
    "recall": 0.92264,
    "f1-score": 0.9221804897278046,
    "support": 37500.0
  }
}