policy,policy_type,margin_threshold,n_corrected_samples,n_total,accuracy,macro_f1,weighted_f1,delta_accuracy,delta_macro_f1,delta_weighted_f1,newly_correct_n,newly_wrong_n
original,baseline,,0,11720,0.8738907849829352,0.8100942811251435,0.8734741993346657,0.0,0.0,0.0,0,0
oracle_all_wrong_true_in_top2,top2_oracle,,1103,11720,0.9680034129692833,0.9523446693856183,0.9680238675566994,0.09411262798634812,0.14225038826047487,0.0945496682220337,1103,0
oracle_wrong_top2_margin_le_0.05,margin_bounded_top2_oracle,0.05,69,11720,0.879778156996587,0.8190499059644991,0.879417662345016,0.005887372013651859,0.008955624839355636,0.005943463010350203,69,0
oracle_wrong_top2_margin_le_0.1,margin_bounded_top2_oracle,0.1,150,11720,0.8866894197952219,0.8295693449814284,0.8863795426068282,0.012798634812286713,0.019475063856284947,0.012905343272162417,150,0
oracle_wrong_top2_margin_le_0.2,margin_bounded_top2_oracle,0.2,292,11720,0.8988054607508532,0.8478958900126388,0.8985417104119462,0.02491467576791806,0.037801608887495286,0.025067511077280447,292,0
oracle_wrong_top2_margin_le_0.3,margin_bounded_top2_oracle,0.3,384,11720,0.9066552901023891,0.8597910864462857,0.9064286188363784,0.032764505119453946,0.04969680532114218,0.03295441950171263,384,0
oracle_wrong_top2_margin_le_0.5,margin_bounded_top2_oracle,0.5,547,11720,0.9205631399317407,0.8808858236784688,0.9204395764663476,0.046672354948805506,0.07079154255332532,0.04696537713168181,547,0
oracle_wrong_top2_margin_le_0.75,margin_bounded_top2_oracle,0.75,715,11720,0.9348976109215017,0.9025532376002732,0.9348395226185153,0.061006825938566545,0.0924589564751297,0.06136532328384958,715,0
oracle_wrong_top2_margin_le_1,margin_bounded_top2_oracle,1.0,1103,11720,0.9680034129692833,0.9523446693856183,0.9680238675566994,0.09411262798634812,0.14225038826047487,0.0945496682220337,1103,0
