{
  "Benign": {
    "precision": 0.9991471215351813,
    "recall": 0.9995733788395904,
    "f1-score": 0.999360204734485,
    "support": 4688.0
  },
  "Ransomware": {
    "precision": 0.6612021857923497,
    "recall": 0.6954022988505747,
    "f1-score": 0.6778711484593838,
    "support": 1566.0
  },
  "Spyware": {
    "precision": 0.729585798816568,
    "recall": 0.7687032418952618,
    "f1-score": 0.7486338797814208,
    "support": 1604.0
  },
  "Trojan": {
    "precision": 0.704225352112676,
    "recall": 0.6258234519104084,
    "f1-score": 0.6627136379490757,
    "support": 1518.0
  },
  "accuracy": 0.8487627986348123,
  "macro avg": {
    "precision": 0.7735401145641938,
    "recall": 0.7723755928739588,
    "f1-score": 0.7721447177310914,
    "support": 9376.0
  },
  "weighted avg": {
    "precision": 0.8488389541933198,
    "recall": 0.8487627986348123,
    "f1-score": 0.8482673745583146,
    "support": 9376.0
  }
}