{
  "Benign": {
    "precision": 1.0,
    "recall": 1.0,
    "f1-score": 1.0,
    "support": 18750.0
  },
  "Ransomware": {
    "precision": 0.837242472266244,
    "recall": 0.8431216086817747,
    "f1-score": 0.8401717557251909,
    "support": 6266.0
  },
  "Spyware": {
    "precision": 0.8529112821257442,
    "recall": 0.9160948222083594,
    "f1-score": 0.8833746898263027,
    "support": 6412.0
  },
  "Trojan": {
    "precision": 0.8631370430397983,
    "recall": 0.7893610013175231,
    "f1-score": 0.8246021505376344,
    "support": 6072.0
  },
  "accuracy": 0.9253333333333333,
  "macro avg": {
    "precision": 0.8883226993579467,
    "recall": 0.8871443580519143,
    "f1-score": 0.887037149022282,
    "support": 37500.0
  },
  "weighted avg": {
    "precision": 0.9254932426012856,
    "recall": 0.9253333333333333,
    "f1-score": 0.9249519730827952,
    "support": 37500.0
  }
}