,precision,recall,f1-score,support
Benign,0.9980830670926517,0.9995733788395904,0.9988276670574443,4688.0
Ransomware,0.6778749159381304,0.6436781609195402,0.6603340976089093,1566.0
Spyware,0.7230857800805988,0.784019975031211,0.7523210542078467,1602.0
Trojan,0.679945054945055,0.65174456879526,0.6655462184873949,1519.0
accuracy,0.8469333333333333,0.8469333333333333,0.8469333333333333,0.8469333333333333
macro avg,0.7697472045141089,0.7697540208964004,0.7692572593403987,9375.0
weighted avg,0.8460571194709463,0.8469333333333333,0.8461621690393787,9375.0
