strategy,bins_used,bins_used,bins_used,bins_used,used_bin_ratio,used_bin_ratio,used_bin_ratio,used_bin_ratio,dominant_bin_ratio,dominant_bin_ratio,dominant_bin_ratio,dominant_bin_ratio,rare_used_bin_ratio_le5,rare_used_bin_ratio_le5,rare_used_bin_ratio_le5,rare_used_bin_ratio_le5,rare_cell_ratio_trainref_le5,rare_cell_ratio_trainref_le5,rare_cell_ratio_trainref_le5,rare_cell_ratio_trainref_le5,unseen_cell_ratio_trainref,unseen_cell_ratio_trainref,unseen_cell_ratio_trainref,unseen_cell_ratio_trainref,entropy_norm,entropy_norm,entropy_norm,entropy_norm,compression_factor,compression_factor,compression_factor,compression_factor,preserve_ratio,preserve_ratio,preserve_ratio,preserve_ratio,offset_nonzero_ratio,offset_nonzero_ratio,offset_nonzero_ratio,offset_nonzero_ratio
,count,mean,median,max,count,mean,median,max,count,mean,median,max,count,mean,median,max,count,mean,median,max,count,mean,median,max,count,mean,median,max,count,mean,median,max,count,mean,median,max,count,mean,median,max
constant,3,1.0,1.0,1,3,0.001953125,0.001953125,0.001953125,3,1.0,1.0,1.0,3,0.0,0.0,0.0,3,0.0,0.0,0.0,3,0.0,0.0,0.0,3,-1.6031369970194638e-13,-1.603136997019464e-13,-1.603136997019464e-13,3,1.0,1.0,1.0,3,1.0,1.0,1.0,3,1.0,1.0,1.0
discrete_compact_offset0,23,46.08695652173913,40.0,123,23,0.09001358695652174,0.078125,0.240234375,23,0.5071418766254725,0.4652274084819524,0.9998720027306084,23,0.3625817387680505,0.4117647058823529,0.7,23,0.0006770870047525943,0.00042665756463862106,0.002367949483744347,23,0.0,0.0,0.0,23,0.24202637233265592,0.28450407286503854,0.5749820368165736,23,1.0,1.0,1.0,23,1.0,1.0,1.0,23,0.0,0.0,0.0
keep_current,14,362.5,446.5,512,14,0.7080078125,0.8720703125,1.0,14,0.15567058378945056,0.053118866797508324,0.9949227749808004,14,0.27351880015806723,0.20555555555555555,0.9559748427672956,14,0.004434191118208526,0.003935916033791279,0.012138407713968768,14,0.0,0.0,0.0,14,0.6812655418053553,0.7960522726625296,0.988722026925322,14,1.972273626366473,1.09765625,6.738336713995944,14,0.9673549107142857,1.0,1.0,14,0.8304950446771421,0.9938881303865518,0.9999786671217681
rank_uniform_offset,15,512.0,512.0,512,15,1.0,1.0,1.0,15,0.1386821970020195,0.04057513439713286,0.4458144892908951,15,0.0,0.0,0.0,15,0.0,0.0,0.0,15,0.0,0.0,0.0,15,0.7883438986147027,0.8727011258819214,0.9584890477296151,15,26.871223958333335,18.857421875,58.611328125,15,1.0,1.0,1.0,15,0.8857083937764884,0.9997440054612168,0.9999786671217681
