fold,fold_size,pct
0,9376,0.20001706630258553
1,9375,0.19999573342435362
2,9375,0.19999573342435362
3,9375,0.19999573342435362
4,9375,0.19999573342435362
