pair,direction,true_class,pred_class,n_wrong,status,wrong_true_in_top2,wrong_true_in_top2_rate,true_centroid_source_available,pred_centroid_source_available,true_closer_than_pred_n,true_closer_than_pred_rate,mean_dist_to_true_centroid,mean_dist_to_pred_centroid,mean_distance_margin_pred_minus_true,median_distance_margin_pred_minus_true,mean_cosdist_to_true_centroid,mean_cosdist_to_pred_centroid,mean_cosdist_margin_pred_minus_true,balanced_accuracy,macro_f1,auc,cv_status
Ransomware<->Spyware,Ransomware->Spyware,Ransomware,Spyware,302,ok,210,0.695364238410596,True,True,9,0.029801324503311258,13.784170150756836,9.209358215332031,-4.574811935424805,-4.4340009689331055,0.9923229217529297,0.4138243496417999,-0.5784986615180969,0.8495638890671948,0.8496682064404004,0.9196181399324882,ok
Ransomware<->Spyware,Spyware->Ransomware,Spyware,Ransomware,144,ok,94,0.6527777777777778,True,True,12,0.08333333333333333,13.21200942993164,10.04854679107666,-3.1634609699249268,-2.8876452445983887,0.9099536538124084,0.5059589743614197,-0.40399467945098877,0.8495638890671948,0.8496682064404004,0.9196181399324882,ok
Ransomware<->Trojan,Ransomware->Trojan,Ransomware,Trojan,301,ok,244,0.8106312292358804,True,True,85,0.2823920265780731,11.778773307800293,9.893280982971191,-1.8854928016662598,-1.4327402114868164,0.7156181931495667,0.48424097895622253,-0.2313772290945053,0.7984612333544031,0.7985600971999018,0.8838554629256641,ok
Ransomware<->Trojan,Trojan->Ransomware,Trojan,Ransomware,295,ok,256,0.8677966101694915,True,True,13,0.04406779661016949,12.735992431640625,8.983652114868164,-3.7523396015167236,-3.4963674545288086,0.8475004434585571,0.3922911584377289,-0.45520928502082825,0.7984612333544031,0.7985600971999018,0.8838554629256641,ok
Spyware<->Trojan,Spyware->Trojan,Spyware,Trojan,217,ok,163,0.7511520737327189,True,True,24,0.11059907834101383,12.427105903625488,9.523741722106934,-2.90336537361145,-2.668628692626953,0.798844039440155,0.4478188157081604,-0.35102513432502747,0.8595440905221712,0.8594500416834321,0.9350629263349948,ok
Spyware<->Trojan,Trojan->Spyware,Trojan,Spyware,213,ok,136,0.6384976525821596,True,True,11,0.051643192488262914,12.831427574157715,9.408829689025879,-3.4225964546203613,-3.253542900085449,0.8581265211105347,0.4325887858867645,-0.42553776502609253,0.8595440905221712,0.8594500416834321,0.9350629263349948,ok
