pair,class0,class1,n_samples,class0_count,class1_count,min_class_count,cv_status,cv_folds,accuracy,balanced_accuracy,macro_f1,auc,coef_l2_norm
Ransomware<->Spyware,Ransomware,Spyware,3963,1959,2004,1959,ok,5,0.8498612162503154,0.8495638890671948,0.8496682064404004,0.9196181399324882,3.801687002182007
Ransomware<->Trojan,Ransomware,Trojan,3856,1959,1897,1897,ok,5,0.7987551867219918,0.7984612333544031,0.7985600971999018,0.8838554629256641,3.0384695529937744
Spyware<->Trojan,Spyware,Trojan,3901,2004,1897,1897,ok,5,0.8595231991796976,0.8595440905221712,0.8594500416834321,0.9350629263349948,3.913328170776367
