pair,cls_macro_f1,best_input_representation,best_input_dim,best_input_macro_f1,delta_cls_minus_input_macro_f1,cls_auc,best_input_auc,delta_cls_minus_input_auc,cls_balanced_accuracy,best_input_balanced_accuracy,delta_cls_minus_input_balanced_accuracy,interpretation
Ransomware<->Spyware,0.8496682064404004,d3_scalar_input,220,0.6645810185086414,0.18508718793175905,0.9196181399324882,0.7281559902145682,0.19146214971791997,0.8495638890671948,0.6648941779534345,0.1846697111137603,CLS much stronger than input-linear
Ransomware<->Trojan,0.7985600971999018,raw_scaled__bin_norm__offset,165,0.662262275285213,0.13629782191468887,0.8838554629256641,0.732370743090498,0.1514847198351661,0.7984612333544031,0.6644792306597317,0.13398200269467142,CLS much stronger than input-linear
Spyware<->Trojan,0.8594500416834321,raw_scaled__bin_norm__offset,165,0.6818340769927278,0.1776159646907043,0.9350629263349948,0.7669642265284928,0.16809869980650194,0.8595440905221712,0.6845456425051847,0.1749984480169865,CLS much stronger than input-linear
