{
  "use_class_weights": true,
  "class_weights": [
    0.5000156760215759,
    1.4961979389190674,
    1.4616196155548096,
    1.544331431388855
  ],
  "label_names": [
    "Benign",
    "Ransomware",
    "Spyware",
    "Trojan"
  ],
  "train_counts": [
    15937,
    5326,
    5452,
    5160
  ],
  "val_counts": [
    2813,
    940,
    962,
    911
  ]
}