{
  "loss": 0.27079284629073797,
  "accuracy": 0.9229803921568628,
  "macro_f1": 0.8836018934102468,
  "weighted_f1": 0.922628914519201,
  "per_class": {
    "Benign": {
      "class_id": 0,
      "precision": 1.0,
      "recall": 0.9998745058668507,
      "f1": 0.9999372489959839,
      "support": 15937
    },
    "Ransomware": {
      "class_id": 1,
      "precision": 0.8359285985567794,
      "recall": 0.8265114532482163,
      "f1": 0.8311933534743202,
      "support": 5326
    },
    "Spyware": {
      "class_id": 2,
      "precision": 0.8491982258614807,
      "recall": 0.913059427732942,
      "f1": 0.8799717164574863,
      "support": 5452
    },
    "Trojan": {
      "class_id": 3,
      "precision": 0.8530756442227764,
      "recall": 0.7955426356589147,
      "f1": 0.8233052547131969,
      "support": 5160
    }
  },
  "true_counts": {
    "Benign": 15937,
    "Ransomware": 5326,
    "Spyware": 5452,
    "Trojan": 5160
  },
  "pred_counts": {
    "Benign": 15935,
    "Ransomware": 5266,
    "Spyware": 5862,
    "Trojan": 4812
  },
  "confusion_matrix": [
    [
      15935,
      0,
      1,
      1
    ],
    [
      0,
      4402,
      553,
      371
    ],
    [
      0,
      139,
      4978,
      335
    ],
    [
      0,
      725,
      330,
      4105
    ]
  ]
}