epoch,train_loss,train_main_loss,train_pair_loss,val_accuracy,val_macro_f1,val_weighted_f1
1,0.6474343501031399,0.5770805738866329,0.7035376690328121,0.1533203125,0.06646909398814564,0.04076424904741745
