{
  "Benign": {
    "precision": 0.0,
    "recall": 0.0,
    "f1-score": 0.0,
    "support": 513.0
  },
  "Ransomware": {
    "precision": 0.0,
    "recall": 0.0,
    "f1-score": 0.0,
    "support": 177.0
  },
  "Spyware": {
    "precision": 0.0,
    "recall": 0.0,
    "f1-score": 0.0,
    "support": 177.0
  },
  "Trojan": {
    "precision": 0.1533203125,
    "recall": 1.0,
    "f1-score": 0.26587637595258257,
    "support": 157.0
  },
  "accuracy": 0.1533203125,
  "macro avg": {
    "precision": 0.038330078125,
    "recall": 0.25,
    "f1-score": 0.06646909398814564,
    "support": 1024.0
  },
  "weighted avg": {
    "precision": 0.023507118225097656,
    "recall": 0.1533203125,
    "f1-score": 0.04076424904741745,
    "support": 1024.0
  }
}