pair_key,n,accuracy,macro_f1,auc
Ransomware__vs__Spyware,354,0.5,0.3333333333333333,0.5437773309074659
Ransomware__vs__Trojan,334,0.5119760479041916,0.3544248259833276,0.5412933174997301
Spyware__vs__Trojan,334,0.5239520958083832,0.5096715817075536,0.6072186836518048
