{
  "loss": 0.3382084971493366,
  "accuracy": 0.9019921568627451,
  "macro_f1": 0.8517842186365541,
  "weighted_f1": 0.9015367599871297,
  "per_class": {
    "Benign": {
      "class_id": 0,
      "precision": 0.9999372568703727,
      "recall": 0.9999372568703727,
      "f1": 0.9999372568703727,
      "support": 15938
    },
    "Ransomware": {
      "class_id": 1,
      "precision": 0.7891566265060241,
      "recall": 0.7870822380773563,
      "f1": 0.7881180673058845,
      "support": 5326
    },
    "Spyware": {
      "class_id": 2,
      "precision": 0.8248062015503876,
      "recall": 0.8785321100917431,
      "f1": 0.8508218569524657,
      "support": 5450
    },
    "Trojan": {
      "class_id": 3,
      "precision": 0.7954356846473029,
      "recall": 0.7428792869598915,
      "f1": 0.7682596934174931,
      "support": 5161
    }
  },
  "true_counts": {
    "Benign": 15938,
    "Ransomware": 5326,
    "Spyware": 5450,
    "Trojan": 5161
  },
  "pred_counts": {
    "Benign": 15938,
    "Ransomware": 5312,
    "Spyware": 5805,
    "Trojan": 4820
  },
  "confusion_matrix": [
    [
      15937,
      0,
      1,
      0
    ],
    [
      0,
      4192,
      560,
      574
    ],
    [
      0,
      250,
      4788,
      412
    ],
    [
      1,
      870,
      456,
      3834
    ]
  ]
}