{
  "Benign": {
    "precision": 0.999487879822465,
    "recall": 0.9991467576791809,
    "f1-score": 0.9993172896398703,
    "support": 5860.0
  },
  "Ransomware": {
    "precision": 0.7313883299798792,
    "recall": 0.742215416028586,
    "f1-score": 0.7367620977957943,
    "support": 1959.0
  },
  "Spyware": {
    "precision": 0.7692671394799054,
    "recall": 0.81187624750499,
    "f1-score": 0.7899975722262685,
    "support": 2004.0
  },
  "Trojan": {
    "precision": 0.7595224559408755,
    "recall": 0.7042698998418555,
    "f1-score": 0.7308533916849015,
    "support": 1897.0
  },
  "accuracy": 0.8764505119453925,
  "macro avg": {
    "precision": 0.8149164513057814,
    "recall": 0.8143770802636532,
    "f1-score": 0.8142325878367087,
    "support": 11720.0
  },
  "weighted avg": {
    "precision": 0.8764687850365016,
    "recall": 0.8764505119453925,
    "f1-score": 0.8761860311978926,
    "support": 11720.0
  }
}