{
  "Benign": {
    "precision": 1.0,
    "recall": 0.9999573342435362,
    "f1-score": 0.9999786666666667,
    "support": 23438.0
  },
  "Ransomware": {
    "precision": 0.8656511424647272,
    "recall": 0.8852145045965271,
    "f1-score": 0.8753235275550786,
    "support": 7832.0
  },
  "Spyware": {
    "precision": 0.878420868755095,
    "recall": 0.9409930139720559,
    "f1-score": 0.9086309703065711,
    "support": 8016.0
  },
  "Trojan": {
    "precision": 0.9092503288031565,
    "recall": 0.8197628458498024,
    "f1-score": 0.8621908127208481,
    "support": 7590.0
  },
  "accuracy": 0.9415265807662769,
  "macro avg": {
    "precision": 0.9133305850057447,
    "recall": 0.9114819246654804,
    "f1-score": 0.9115309943122911,
    "support": 46876.0
  },
  "weighted avg": {
    "precision": 0.9420686796514324,
    "recall": 0.9415265807662769,
    "f1-score": 0.9412204109495994,
    "support": 46876.0
  }
}