{
  "Benign": {
    "precision": 0.9991471215351813,
    "recall": 0.9995733788395904,
    "f1-score": 0.999360204734485,
    "support": 4688.0
  },
  "Ransomware": {
    "precision": 0.6692160611854685,
    "recall": 0.6704980842911877,
    "f1-score": 0.6698564593301436,
    "support": 1566.0
  },
  "Spyware": {
    "precision": 0.7203736135434909,
    "recall": 0.7693266832917706,
    "f1-score": 0.7440458245402473,
    "support": 1604.0
  },
  "Trojan": {
    "precision": 0.6894586894586895,
    "recall": 0.6376811594202898,
    "f1-score": 0.6625598904859685,
    "support": 1518.0
  },
  "accuracy": 0.8466296928327645,
  "macro avg": {
    "precision": 0.7695488714307075,
    "recall": 0.7692698264607096,
    "f1-score": 0.7689555947727111,
    "support": 9376.0
  },
  "weighted avg": {
    "precision": 0.8462107107823615,
    "recall": 0.8466296928327645,
    "f1-score": 0.8461189495975391,
    "support": 9376.0
  }
}