{
  "Benign": {
    "precision": 1.0,
    "recall": 1.0,
    "f1-score": 1.0,
    "support": 18750.0
  },
  "Ransomware": {
    "precision": 0.8335695166115572,
    "recall": 0.8448771145866582,
    "f1-score": 0.8391852262820004,
    "support": 6266.0
  },
  "Spyware": {
    "precision": 0.846685878962536,
    "recall": 0.916406737367436,
    "f1-score": 0.8801677651288197,
    "support": 6412.0
  },
  "Trojan": {
    "precision": 0.8684740795017403,
    "recall": 0.7807971014492754,
    "f1-score": 0.822305090625271,
    "support": 6072.0
  },
  "accuracy": 0.9242933333333333,
  "macro avg": {
    "precision": 0.8871823687689584,
    "recall": 0.8855202383508425,
    "f1-score": 0.8854145205090227,
    "support": 37500.0
  },
  "weighted avg": {
    "precision": 0.924679228206143,
    "recall": 0.9242933333333333,
    "f1-score": 0.9238668492844173,
    "support": 37500.0
  }
}